BA,Bosnia And Herzegovina,A,77246
BA,Bosnia And Herzegovina,A,89245
BA,Bosnia And Herzegovina,B,72286
BA,Bosnia And Herzegovina,B,78423
BA,Bosnia And Herzegovina,C,73280
BA,Bosnia And Herzegovina,C,89243
BA,Bosnia And Herzegovina,D,71221
BA,Bosnia And Herzegovina,D,88343
BA,Bosnia And Herzegovina,F,79264
BA,Bosnia And Herzegovina,F,74218
BA,Bosnia And Herzegovina,G,88306
BA,Bosnia And Herzegovina,G,79288
BA,Bosnia And Herzegovina,H,71240
BA,Bosnia And Herzegovina,H,71212
BA,Bosnia And Herzegovina,I,71210
BA,Bosnia And Herzegovina,I,78234
BA,Bosnia And Herzegovina,J,88420
BA,Bosnia And Herzegovina,J,77247
BA,Bosnia And Herzegovina,K,72264
BA,Bosnia And Herzegovina,K,74489
BA,Bosnia And Herzegovina,L,78250
BA,Bosnia And Herzegovina,L,88380
BA,Bosnia And Herzegovina,M,74250
BA,Bosnia And Herzegovina,M,75267
BA,Bosnia And Herzegovina,N,89249
BA,Bosnia And Herzegovina,N,78418
BA,Bosnia And Herzegovina,O,70225
BA,Bosnia And Herzegovina,O,80206
BA,Bosnia And Herzegovina,P,70243
BA,Bosnia And Herzegovina,P,88402
BA,Bosnia And Herzegovina,R,88325
BA,Bosnia And Herzegovina,R,80326
BA,Bosnia And Herzegovina,S,88213
BA,Bosnia And Herzegovina,S,88345
BA,Bosnia And Herzegovina,T,71244
BA,Bosnia And Herzegovina,T,70224
BA,Bosnia And Herzegovina,U,76330
BA,Bosnia And Herzegovina,U,74230
BA,Bosnia And Herzegovina,V,73249
BA,Bosnia And Herzegovina,V,88326
BA,Bosnia And Herzegovina,Z,76273
BA,Bosnia And Herzegovina,Z,72236
