IM,Isle Of Man,A,IM7
IM,Isle Of Man,B,IM4
IM,Isle Of Man,B,IM9
IM,Isle Of Man,C,IM9
IM,Isle Of Man,C,IM7
IM,Isle Of Man,D,IM5
IM,Isle Of Man,D,IM7
IM,Isle Of Man,E,IM4
IM,Isle Of Man,F,IM4
IM,Isle Of Man,G,IM4
IM,Isle Of Man,G,IM5
IM,Isle Of Man,H,IM4
IM,Isle Of Man,I,IM4
IM,Isle Of Man,J,IM7
IM,Isle Of Man,J,IM7
IM,Isle Of Man,K,IM6
IM,Isle Of Man,K,IM5
IM,Isle Of Man,L,IM4
IM,Isle Of Man,L,IM9
IM,Isle Of Man,M,IM7
IM,Isle Of Man,N,IM4
IM,Isle Of Man,O,IM3
IM,Isle Of Man,O,IM6
IM,Isle Of Man,P,IM5
IM,Isle Of Man,P,IM9
IM,Isle Of Man,Q,IM4
IM,Isle Of Man,R,IM8
IM,Isle Of Man,R,IM7
IM,Isle Of Man,S,IM7
IM,Isle Of Man,S,IM7
IM,Isle Of Man,T,IM7
IM,Isle Of Man,T,IM7
IM,Isle Of Man,U,IM4
