ME,Montenegro,A,84320
ME,Montenegro,B,84314
ME,Montenegro,B,81214
ME,Montenegro,C,85357
ME,Montenegro,C,81250
ME,Montenegro,D,81410
ME,Montenegro,D,85332
ME,Montenegro,G,81416
ME,Montenegro,G,84215
ME,Montenegro,H,85340
ME,Montenegro,I,85347
ME,Montenegro,K,85342
ME,Montenegro,K,84223
ME,Montenegro,L,85317
ME,Montenegro,L,81254
ME,Montenegro,M,81215
ME,Montenegro,M,84205
ME,Montenegro,N,81400
ME,Montenegro,N,81255
ME,Montenegro,O,84219
ME,Montenegro,O,85306
ME,Montenegro,P,84213
ME,Montenegro,P,81425
ME,Montenegro,R,85318
ME,Montenegro,R,85337
ME,Montenegro,S,81450
ME,Montenegro,S,85367
ME,Montenegro,T,85320
ME,Montenegro,T,81437
ME,Montenegro,U,81205
ME,Montenegro,U,85359
ME,Montenegro,V,85368
ME,Montenegro,V,81305
ME,Montenegro,Z,84220
ME,Montenegro,Z,85346
